LUC7L2,SSPN
LSM2,RNF17
CYTH2,RNF10
HIVEP2,NCBP2
SLC2A1,ZFP322A
HIVEP2,REM1
HIVEP2,ARFRP1
IKZF5,LIFR
DGKA,PDCD10
HIVEP2,ASS1
HIVEP2,CRKL
TGFB1I1,GPR180
TRIM35,PTPLA
FLAD1,ZC3H13
3110057O12RIK,SPTLC2
HIVEP2,ZSWIM1
SRR,ABCD1
DHX30,IRX4
HIVEP2,SCLY
HIVEP2,KCNJ3
MARK2,TCOF1
NRAP,SIRPA
RAD17,XPC
CDIPT,PPP2R2D
DGKA,SPPL3
NSG2,SFRP1
FLAD1,RAB40C
SLC2A1,HIPK3
NME6,4933411K20RIK
EDNRA,TRAPPC3
SUMF1,MAZ
METAP2,TRAPPC5
HIVEP2,TRAPPC4
NME6,PHKG2
MPHOSPH10,ANP32E
TGFB1I1,CTBP2
CDIPT,MAL
NME6,ITGA9
HIVEP2,UGCG
FXYD5,CKMT1
CDIPT,ATP2A3
3110009E18RIK,UBAC1
HIVEP2,ITGA5
BTG2,RIT1
HIVEP2,ATL2
POLE3,MGST3
HIVEP2,MGST1
3110009E18RIK,PHLDA1
MITF,PHLDA3
CALCRL,XPO1
DHX30,4930471M23RIK
HIVEP2,XPO5
HIVEP2,TTR
HIVEP2,1200009I06RIK
TROVE2,FBXL12
ZFP36L1,TTN
DHX30,WSB2
SRR,PSMG3
NME6,FBXL19
SLC2A1,2810026P18RIK
LCN2,H13
NSG2,ABHD14A
GCAP14,COL4A2
CALCRL,COL4A1
DNTTIP2,ANAPC1
HIVEP2,A930001N09RIK
CALCRL,ATAD1
TGFB1I1,TOP1
HIVEP2,PPTC7
ZFP646,TCIRG1
HDGFL1,SIGIRR
MAN1A2,SERBP1
3110057O12RIK,FAM134B
HIVEP2,NUP133
BTG2,PRNP
LTBP1,SMAD6
HDAC5,VAPB
HIVEP2,AFTPH
ERLEC1,NDUFAF4
BTG2,AMMECR1L
HIVEP2,MTIF2
HIVEP2,FKTN
HIVEP2,SYPL
NME6,MCM3AP
BTG2,PELI1
TGFB1I1,ARF3
HIVEP2,SLC36A1
PLSCR3,FAHD1
KIF1B,ATE1
PRDX6,ZC3H15
TGFB1I1,D930014E17RIK
TGFB1I1,NAPB
ZFP36L1,MRPL52
EDNRA,GLTP
ZFP39,ENOPH1
FLAD1,CABYR
CALCRL,SH2B1
HIVEP2,MTDH
FDX1,PQLC3
MARK2,PQLC2
MPHOSPH10,PQLC1
EDNRA,2510039O18RIK
NME6,FAM20B
SUMF1,CCDC115
HIVEP2,DCAKD
FLAD1,ABCA8A
HIVEP2,FAM176B
KDM5A,CDC40
MET,CUEDC2
PEX11C,RBBP5
HIVEP2,ZFP830
PEX11A,ACRV1
HIVEP2,0610007P14RIK
HIVEP2,BIN1
HIVEP2,VIPAR
NME6,IFT80
SUMF1,WDR45L
HIVEP2,CLIP1
ICK,SLIT1
MET,SP1
DHX30,HOMER1
SUMF1,FIP1L1
TGFB1I1,HOMER3
ZFP646,CD48
HIVEP2,CD44
HIVEP2,CD47
LMAN1,ATG4B
HIVEP2,ATG4D
TGFB1I1,RAB20
HIVEP2,EIF4E2
HIVEP2,THAP7
HIVEP2,DZIP1L
HIVEP2,RALB
BTG2,FAR1
EDNRA,OBP1A
NME6,PNN
FLAD1,CHID1
NSG2,TRIM11
HIVEP2,RPN1
HIVEP2,AHCTF1
TSPAN8,NQO2
CALCRL,SPRED1
SLC2A1,CCRL2
CDIPT,CHI3L3
HIVEP2,RCBTB2
TGFB1I1,CHI3L1
BTG2,ASB2
HIVEP2,ASB1
HIVEP2,TMEM126B
HIVEP2,SIX5
HDGFL1,SIX6
MARK2,VOPP1
HIVEP2,PLEKHH3
HIVEP2,ATP5SL
HIVEP2,ZFP68
HIVEP2,ZFP62
SLC2A1,MRPL34
HIVEP2,DPY30
HIVEP2,RGS3
TGFB1I1,CYP4B1
ARAP3,ZFP87
DYRK1A,TBL3
D930014E17RIK,ARRDC2
LTBP1,EYA4
MTX1,DBI
TGFB1I1,RFX5
TRIM35,RABGAP1L
TRIM35,ELK3
FAM48A,KTELC1
SLC2A1,STXBP5
HIVEP2,TMEM179B
TGFB1I1,WHSC2
HIVEP2,TMEM43
HIVEP2,TMEM42
HIVEP2,NUP88
HIVEP2,HIF1A
TGFB1I1,FOXP1
NSG2,ADNP
HIVEP2,FOXP4
HIVEP2,COPS3
MPHOSPH10,GGCT
HIVEP2,YTHDF3
HIVEP2,MED1
HIVEP2,MED7
DHX30,MED8
ZFP346,MED9
SUMF1,PIGF
SLC2A1,SUB1
TSPAN8,TREX1
DHX30,H2-Q10
IKZF5,ITIH4
HIVEP2,CBX1
DGKA,ANGPTL3
MPHOSPH10,TNS1
NPAS1,FAM135A
TGFB1I1,IGF1
CDIPT,DPYSL3
FKBP10,TCF3
DGKA,ARID2
ANKRD23,NUDT4
TGFB1I1,NUDT5
HIVEP2,NUDT6
HIVEP2,NUDT7
MARK2,IGFBP3
MAN1A2,IGFBP6
HIVEP2,IGFBP7
SLC2A1,IGFBP4
TGFB1I1,IGFBP5
LMAN1,CKLF
CALCRL,D17WSU104E
HIVEP2,ABTB1
MET,CYP27A1
HIVEP2,TRIM8
TRIM35,PFN2
NSG2,CREM
CALCRL,GAS1
HIVEP2,TMEM219
TGFB1I1,TRIM2
HIVEP2,FBXL20
HIVEP2,COX15
HIVEP2,PDGFRB
HIVEP2,TMC6
NAPB,APIP
TGFB1I1,AMPD3
IKZF5,AA960436
HIVEP2,TXNIP
DGKA,LRRC3B
HIVEP2,IFT140
DICER1,ECD
MPHOSPH10,TMEM14C
HIVEP2,SLC22A13
CALCRL,TPM3
BTG2,TPM1
DICER1,FBXW8
HIVEP2,DSTYK
TRIM35,THYN1
HIVEP2,FBXW7
KDM5A,TGFBR3
HIVEP2,CASP6
CDIPT,CLIC4
BTG2,CLIC5
BTG2,CLIC1
SAMD10,YKT6
CALCRL,TMEM144
HDGFL1,DDX19B
HIVEP2,2310003C23RIK
HIVEP2,PPAT
TGFB1I1,ISY1
ZFP629,KTN1
HIVEP2,TCEB3
MARK2,PRDX6
HIVEP2,PRDX2
NFIA,AGRN
HIVEP2,ZMAT3
TRIM35,NR1D1
CALCRL,SMARCA4
LCN2,OTUB2
MPHOSPH10,AXIN2
TGFB1I1,1110004E09RIK
HIVEP2,FYN
GPR172B,5430407P10RIK
HIVEP2,TOR1A
HIVEP2,1810035L17RIK
ZFP629,NAGLU
CALCRL,PDK4
MAN1A2,ST3GAL2
HIVEP2,RAC2
SLC2A1,ST3GAL6
HIVEP2,RUFY1
MPHOSPH10,NINJ1
MPHOSPH10,FCGR2B
EDNRA,ROD1
HIVEP2,LILRB4
TGFB1I1,CYTH3
MPHOSPH10,CYTH2
MAN1A2,PBX2
HIVEP2,DPH5
HIVEP2,DCAF6
MPHOSPH10,CANT1
DGKA,BCKDHA
DGKA,QK
AZIN1,TIMM44
HIVEP2,TUFM
JMJD6,ZFR
DGKA,ZFP759
MPHOSPH10,POLR3K
HIVEP2,WDR20A
TGFB1I1,TTC30B
BTG2,DNMT1
DGKA,PSD3
ACRV1,SRPX2
2310061C15RIK,EIF4ENIF1
HIVEP2,CUL5
DGKA,WDR61
TGFB1I1,WSB1
NAPB,FLCN
DHX30,5730494N06RIK
TGFB1I1,TRIM28
HIVEP2,TRIM24
ATE1,SLC25A1
TSPAN8,TRIM27
EDNRA,PRMT7
TGFB1I1,SLC25A5
ATP1A1,PRMT5
HIVEP2,PNKD
HIVEP2,BRD8
HIVEP2,SFRS12IP1
POLE3,MTPAP
HIVEP2,2310079N02RIK
TGFB1I1,SLC15A4
TGFB1I1,RBM43
TRIM35,ORMDL1
SC5D,PTPN12
DHX30,KIF5B
TGFB1I1,PUF60
MPHOSPH10,F2R
HIVEP2,PIH1D1
HIVEP2,PPDPF
CALCRL,STX5A
TGFB1I1,CD3E
RASSF8,1700034H14RIK
LTBP1,CSF2RA
MAN1A2,MRPL21
HIVEP2,MRPL20
LTBP1,SEH1L
TGFB1I1,FAM48A
HIVEP2,DNAJC24
HIVEP2,MRPL28
HIVEP2,KAT2A
HIVEP2,GAB1
BTG2,SLC31A1
STOML1,IFNGR1
HIVEP2,ZFP628
MPHOSPH10,ZFP629
ACRV1,CD200
LTBP1,NDRG1
NSG2,NDRG3
CDIPT,ZFP622
TGFB1I1,SRSF5
HIVEP2,SRSF7
HIVEP2,SRSF6
HIVEP2,SRSF1
HIVEP2,PPM1B
CDIPT,PPM1A
HIVEP2,SRSF2
HIVEP2,PPM1M
TGFB1I1,ZFP36
DHX30,PPARGC1B
CALCRL,ZYX
NSG2,CX3CL1
HIVEP2,NSMCE1
HIVEP2,UPF3B
HIVEP2,PRKAB1
CALCRL,TSHZ1
HIVEP2,CDK11B
TGFB1I1,RPUSD4
HIVEP2,MRPL2
CDIPT,MRPL1
MET,PTPN3
MPHOSPH10,GCFC1
QDPR,PTPN1
LTBP1,RG9MTD1
CALCRL,BTF3
HIVEP2,ACAD8
HIVEP2,CAMKK1
TGFB1I1,ASPRV1
HIVEP2,BAG2
DHX30,PTDSS2
HIVEP2,MYO1B
TGFB1I1,MSRB2
WIPI1,ADAMTS10
NSG2,DHDH
LTBP1,LY6G6C
IKZF5,UTP11L
CDIPT,C9
HIVEP2,DSG2
TGFB1I1,CPSF3L
HIVEP2,COL4A3BP
MAN1A2,TSSK3
CALCRL,GALNTL2
TGFB1I1,SRR
LTBP1,ZFP148
CALCRL,LGALS3
IKZF5,LGALS2
PDPK1,CP
FAM48A,SLPI
RNF19B,MRPS17
EDNRA,NUP50
HIVEP2,MYL12B
CALCRL,KCNJ8
HIVEP2,EIF2AK4
MPHOSPH10,1600012H06RIK
SLC2A1,TAPBP
BTG2,AGPAT5
HIVEP2,RPRD1B
DHX30,AGPAT3
HIVEP2,AGPAT1
RNF19B,COL1A1
UBFD1,FAM136A
TGFB1I1,NMI
NAPB,CAMK1D
EDNRA,PLAUR
ZFP646,SLCO1B2
HIVEP2,MPDU1
CDIPT,LRRC20
NSG2,NIP7
C1QTNF1,LPGAT1
EDNRA,ANGEL2
DHX30,ANGEL1
HDGFL1,ALDH1A3
HIVEP2,CDC37L1
BTG2,RAB3IL1
GTF2F1,SORBS2
HIVEP2,GCNT3
TRIM35,NAP1L1
HIVEP2,SPAG9
HIVEP2,CATSPER2
PLEKHA2,MAPKAP1
SEPT7,FAM192A
HIVEP2,RGS2
MED25,ATG5
RASSF8,MTAP4
D930014E17RIK,EYA3
ZFP39,SMARCB1
HIVEP2,GIT2
CALCRL,2810416G20RIK
TGFB1I1,CALCRL
DGKA,PIGK
MAN1A2,SERTAD2
TGFB1I1,PIGO
EDNRA,PIGQ
TPCN1,PIGY
KDM5A,GCAP14
TGFB1I1,SNAPC3
DHX30,ANKLE2
ARAP3,FBXO38
NME6,RGL1
HIVEP2,D14ABB1E
TRIM35,KANK2
DHX30,KANK3
HDGFL1,LNPEP
HIVEP2,COL6A2
TGFB1I1,ALPL
UBFD1,FXYD5
HIVEP2,RAB6
HIVEP2,ZFAND5
HDGFL1,MAFK
BTG2,FBP1
TGFB1I1,PLIN4
HIVEP2,FAM107B
MARK2,MAFF
ARHGEF10,ALLC
TEX264,SLC39A14
TGFB1I1,PPPDE1
IKZF5,RBPJ
ZFP13,HSP90AB1
MPHOSPH10,PTP4A1
HIVEP2,PPP1R16B
TRIM35,ZSCAN21
SUMF1,MRPS5
HIVEP2,DNAJC11
TGFB1I1,IFI30
MRPS24,2610024G14RIK
HIVEP2,BMP4
MPHOSPH10,MYLIP
CALCRL,1110005A03RIK
CALCRL,UBR2
FLAD1,ABHD6
NME6,ABHD4
EDNRA,ABHD5
DGKA,TWF1
TGFB1I1,NKIRAS2
CALCRL,NKIRAS1
HIVEP2,TWF2
ZFP646,ACYP1
LTBP1,SOCS3
MPHOSPH10,SC5D
HIVEP2,EIF4G3
HIVEP2,EIF4G1
SLC2A1,SOCS2
FLAD1,ACSL5
HIVEP2,GRB2
TGFB1I1,CHTF8
BTG2,CCNJ
MET,VPS72
MAN1A2,RASSF8
FLAD1,TRIM39
TGFB1I1,RASSF1
HIVEP2,TRIM32
HIVEP2,RASSF3
FXYD5,TRIM30
MPHOSPH10,TRIM35
HDGFL1,SORD
NSG2,FEN1
TRIM35,TCL1B3
HIVEP2,ADAM9
MPHOSPH10,LUC7L
ZFP39,NCKAP1
TGFB1I1,LRRK1
MET,D4WSU53E
ISY1,ABHD12
TGFB1I1,NPC2
BTG2,NGRN
HIVEP2,TGFB1I1
EDNRA,PSME4
TROVE2,IL4RA
TSPAN8,MRPL18
EDNRA,MRPL19
HIVEP2,UBC
SLC2A1,BSDC1
ZBTB43,RHOU
NSG2,ANKRD26
CDIPT,ANKRD24
TSPAN8,ANKRD23
TECRL,ACO1
EDNRA,RHOB
MED25,ETHE1
HIVEP2,INHA
HIVEP2,MPG
DNTTIP2,ABCG2
NSG2,PLSCR2
MPHOSPH10,PLSCR3
ORC4L,LRIG1
PPPDE1,PLSCR1
BTG2,2610036D13RIK
MET,SNCB
HIVEP2,POLRMT
MPHOSPH10,RNF125
HIVEP2,RNF121
ALLC,IQCF4
HIVEP2,IQCF3
HIVEP2,FAM120B
MARK2,BC031353
RCOR3,NCOR2
HIVEP2,QRSL1
MET,FCER1G
TGFB1I1,TEK
CD320,FZD4
TGFB1I1,BTG2
OVGP1,FZD6
FLAD1,ZFP521
CDIPT,ZFP523
D930014E17RIK,BRD2
HIVEP2,ZFP524
PLEC,TRIM33
SALL3,NBN
MAN1A2,GPN1
CDIPT,1700021F05RIK
DHX30,HP
POLD1,APAF1
HIVEP2,RAP2A
DGKA,ZFP36L1
TGFB1I1,GGA3
LCN2,PLCD3
EDNRA,PLCD1
HIVEP2,PHLPP1
ZFP39,ADK
HIVEP2,HIST1H1C
3110057O12RIK,ADH1
HIVEP2,ANKZF1
DHX30,SOS2
SUMF1,EMILIN1
SUMF1,TACC2
HIVEP2,JDP2
PGM2,CMTM2A
TSPAN8,CTGF
HIVEP2,PRM1
MPHOSPH10,PSMB9
ZFP646,PRKACB
MPHOSPH10,HIVEP2
TRIM35,AKR1C20
HIVEP2,FAM115A
DHX30,CAB39
HIVEP2,BC005537
MARK2,NOTCH3
HIVEP2,P2RX5
MAN1A2,2310061C15RIK
HIVEP2,4732418C07RIK
HIVEP2,BCL2L12
BTG2,PRPF19
DHX30,ITPA
SEPT7,IL1R1
FLAD1,ACOT10
HIVEP2,SSR4
HIVEP2,SIN3B
TRIM35,FAM179A
HIVEP2,SIN3A
DHX30,TRAF3
HIVEP2,TRAF7
SALL3,GTF2H2
HIVEP2,ESD
HIVEP2,LRRC57
SEPT7,TMEM168
IKZF5,LRRC58
HIVEP2,LRRC59
HIVEP2,COX7A2L
MPHOSPH10,DIS3
NME6,NICN1
DHX30,2210018M11RIK
HIVEP2,TAB2
ATP1A1,PMVK
1110057K04RIK,LMNA
CDIPT,KLHDC8A
SLC2A1,GNA11
TRIM35,ATF5
TGFB1I1,ATF4
GMPPA,SLC4A1AP
HIVEP2,PPCS
C1QTNF1,TAP1
MPHOSPH10,SMARCC1
ZFP646,PPAP2B
TGFB1I1,PPAP2A
HIVEP2,ZCCHC14
ANP32E,TMCO3
IKZF5,IL6ST
SLC2A1,SFRS13A
TROVE2,MOCS2
HDGFL1,MOCS1
HIVEP2,SBF2
TGFB1I1,DBN1
NME6,SPNB2
ISY1,COMMD9
HIVEP2,FKBP10
TGFB1I1,SAMD10
CALCRL,PPP2R4
MPHOSPH10,ZFP191
FXYD5,SRPK2
KDM5A,1600012F09RIK
NSG2,ZMYM3
HIVEP2,IGF1R
KDM5A,CAMK2D
DHX30,CAMK2A
HIVEP2,SLC45A3
EDNRA,STK4
ZFP13,IFRD1
CDIPT,OSBPL3
HIVEP2,CXCL12
FLAD1,GTF2F1
POLE3,AKAP1
HIVEP2,UCKL1
BTG2,AKAP8
BTG2,AKAP9
MPHOSPH10,SNRNP27
HIVEP2,ARHGAP12
FXYD5,NFU1
NME6,RAPGEF3
SEPT7,POLR1C
HIVEP2,9130401M01RIK
HIVEP2,1810074P20RIK
FLAD1,COL3A1
CDIPT,CHKA
STEAP4,OVGP1
LTBP1,WDR45
CCND2,AHSA1
SLC2A1,JAK2
CYTH2,ZFP869
HIVEP2,NR1H2
ZFP39,NR1H3
MPHOSPH10,1300014I06RIK
HIVEP2,HOXB8
HIVEP2,CXXC5
DGKA,3110009E18RIK
DGKA,DST
HIVEP2,UCK2
EDNRA,CUX1
EDNRA,RNF41
HIVEP2,PPARA
CALCRL,BRF2
HIVEP2,ING1
MARK2,GSTO2
SLC2A1,RHOJ
LTBP1,DNAJC4
TGFB1I1,DNAJC1
MPHOSPH10,PLEC
KPTN,GOSR1
HIVEP2,ACP6
HIVEP2,0610009B22RIK
TGFB1I1,ACP1
TGFB1I1,RALBP1
CDIPT,1600014C10RIK
ZFP39,MAP3K7
FOXJ2,MKRN1
TGFB1I1,RORA
1110004E09RIK,ANKRD32
HIVEP2,RBM3
MPHOSPH10,CDIPT
MAN1A2,NT5C3L
ZFP646,NCOA1
TGFB1I1,NCOA6
TGFB1I1,TMEM18
SUMF1,CISH
DHX30,1110067D22RIK
HIVEP2,PRDM16
MPHOSPH10,CLCN5
HIVEP2,FXC1
TGFB1I1,ST7L
HIVEP2,FYCO1
HIVEP2,GLYAT
IKZF5,CAPZA2
PHLDA1,TPCN1
DHX30,IL2RG
HIVEP2,AK3
DHX30,PRRC1
HIVEP2,LMO2
TEX264,TLK2
TGFB1I1,GEMIN4
MPHOSPH10,UBFD1
HIVEP2,PBRM1
CDIPT,CDK5RAP2
TGFB1I1,SARS
NME6,CTTN
HDGFL1,WDR82
HIVEP2,ZWINT
HIVEP2,WDR83
HIVEP2,WRNIP1
CYTH2,TPP2
NSG2,ERG
GCAP14,CBLL1
TGFB1I1,EPS8
MAN1A2,AFAP1
FLAD1,LARS2
NSG2,ERAL1
MPHOSPH10,EIF2S2
HIVEP2,DDX17
GPR172B,LPIN2
MET,SLC37A4
SC5D,TOB2
ACRV1,GJB1
TGFB1I1,SULF2
HIVEP2,KLF7
SEPT7,KLF6
TRIM35,KLF4
TGFB1I1,KLF2
JMJD6,EXTL1
TRIM35,N4BP1
MPHOSPH10,CTSB
CALCRL,HEATR6
TGFB1I1,HEATR3
TGFB1I1,AIFM2
HIVEP2,FCGR3
ZFP646,FCER2A
ZFP39,LACTB2
HIVEP2,FAM108A
CTGF,BTRC
DHX30,NUP35
KIF1B,NUP37
MARK2,RND1
HIVEP2,4930503B20RIK
HIVEP2,FRYL
TRIM35,RPL12
CALCRL,2810055F11RIK
HIVEP2,SFTPC
DGKA,3110057O12RIK
HIVEP2,LRRC42
HIVEP2,2410075B13RIK
HIVEP2,UBXN11
TGFB1I1,GNL2
TGFB1I1,DNTTIP2
DHX30,TMEM100
ISY1,2310003L22RIK
TROVE2,AW209491
HIVEP2,FNDC5
HIVEP2,DHRS1
ARHGEF10,4833420G17RIK
HIVEP2,TEX22
HIVEP2,PWWP2A
MPHOSPH10,DYRK1A
NSG2,MKKS
DHX30,DYRK1B
HIVEP2,CCNL1
SC5D,CDKN2C
DHX30,STAMBP
HIVEP2,DAAM1
HIVEP2,SMARCAL1
HIVEP2,IMPA2
HIVEP2,BAZ1B
SUMF1,EDEM3
SUMF1,PEA15A
ZFP39,PTTG1IP
NSG2,MTCH2
LTBP1,PTGES2
HIVEP2,SLC2A3
TROVE2,SLC2A1
MPHOSPH10,0610010K14RIK
GCAP14,UBTD1
MAN1A2,TIAL1
HIVEP2,MESDC2
TGFB1I1,OLFR156
MPHOSPH10,BC018507
TROVE2,1700010B08RIK
HIVEP2,CCL9
HIVEP2,NCSTN
HIVEP2,LRG1
SLC2A1,SCHIP1
SLC2A1,BCKDK
HIVEP2,EXOSC1
HIVEP2,GFER
HIVEP2,CYB561
HIVEP2,HPGD
HDGFL1,CEACAM1
HDGFL1,RRBP1
BTG2,ENG
PGM2,GTF2IRD1
RNF19B,CPLX1
MPHOSPH10,HDGFL1
HIVEP2,RALY
HIVEP2,RAB7L1
TGFB1I1,SNAP47
NME6,ATP6V0A2
AZIN1,GPR97
HIVEP2,ALKBH7
IKZF5,TOR2A
FLAD1,RALA
MPHOSPH10,4930432K09RIK
SLC2A1,TNIP2
HIVEP2,SCYL3
MPHOSPH10,RCOR3
ATP1A1,TTBK2
HIVEP2,SMPD1
HIVEP2,FLT1
HEMK1,DNAJB9
EDNRA,PVR
CDIPT,S1PR1
SLC2A1,NOC2L
DHX30,VKORC1
HIVEP2,DNAJB6
HIVEP2,CAR4
NME6,HSPA12A
MPHOSPH10,TTC28
HIVEP2,HNRNPAB
HOMER3,H1F0
LTBP1,FRK
KIF1B,HNRNPA3
FAM48A,NFKB1
HDGFL1,FRY
NFIA,TAOK1
HIVEP2,CNOT6L
HIVEP2,SKIV2L2
BTG2,TFIP11
HIVEP2,XIRP1
HIVEP2,SERPINA1A
JMJD6,CDK5
TROVE2,CDK7
MTX1,CDK8
HIVEP2,LPAR1
TGFB1I1,RNF145
FXYD5,RNF146
HIVEP2,AMOTL1
IKZF5,PTK2
CDC40,LCN2
HIVEP2,PHB2
DHX30,SF3B3
STEAP4,5730403B10RIK
UBFD1,LIMS1
HIVEP2,SORBS1
IKZF5,SORBS3
NFIA,PRKX
TGFB1I1,SEMA6B
HDGFL1,CD320
NSG2,H2-K1
NME6,SCARA5
HIVEP2,DDHD1
FLAD1,SUN1
ACRV1,DNAJC17
DHX30,DNAJC14
HIVEP2,NARFL
RAB14,MTX2
TGFB1I1,MTX1
MPHOSPH10,TECRL
ACRV1,FEM1C
CALCRL,PACSIN3
HIVEP2,DNAJC19
MRPS24,ENDOG
HIVEP2,MS4A6C
SLC9A3R2,MS4A6B
DGKA,LMAN1
EDNRA,POT1A
HIVEP2,UCP3
NSG2,MDP1
HIVEP2,ALPPL2
HIVEP2,SEC11A
HIVEP2,DDX21
HIVEP2,DDX27
TGFB1I1,PMF1
EDNRA,PFKFB3
SLC2A1,NRIP1
RAB31,MGL2
MPHOSPH10,VTI1A
MTX1,TWISTNB
TGFB1I1,1110059E24RIK
KIF1B,FBXO18
TGFB1I1,ADD3
SARS,ACTG1
NME6,ADD1
HIVEP2,RAB3IP
BTG2,WDR8
BTG2,ATF7IP
HIVEP2,PPIL3
HIVEP2,PPIL4
BTG2,2310046A06RIK
FOXJ2,BRI3BP
SLC2A1,MNAT1
MET,LTBR
NSG2,PPP1R7
HIVEP2,BCLAF1
DGKA,MAP3K4
HIVEP2,MAP3K5
MPHOSPH10,NSG2
MPHOSPH10,CPNE3
ACP1,LUC7L3
MAP3K4,LUC7L2
DNTTIP2,FMO2
MET,FMO1
HIVEP2,CCDC71
DGKA,ERLEC1
NME6,SERHL
EDNRA,SETD8
CDIPT,CHERP
TGFB1I1,OMA1
HIVEP2,TMEM101
TGFB1I1,ZFP768
TROVE2,NME6
HIVEP2,P4HA2
TRIM35,NME3
CDIPT,SYP
MARK2,AMMECR1
HIVEP2,PRRX1
BTG2,SPEG
LPGAT1,METT10D
CDIPT,FBLN2
TGFB1I1,FBLIM1
IKZF5,PIAS2
TGFB1I1,NT5M
PDCD10,PDE4DIP
MARK2,NT5C
CALCRL,NT5E
HDGFL1,AFF1
SLC9A3R2,PNPLA2
STOML1,NPPB
NSG2,PIAS4
SLC2A1,UNC5B
HIVEP2,KATNAL1
HIVEP2,UBA7
HIVEP2,FRMD5
NSG2,FRMD6
CDIPT,PHF23
HIVEP2,UBE2I
EDNRA,UBE2H
HDGFL1,GNAQ
KDM5A,MED13L
HIVEP2,MOGS
HIVEP2,PTCD1
HIVEP2,HLTF
DNTTIP2,UBE2W
HIVEP2,TOP3B
HIVEP2,RPS15A
HIVEP2,GNG11
HIVEP2,TRP53INP1
KDM5A,CEND1
TGFB1I1,PHTF2
HIVEP2,VPS41
HIVEP2,PDE3A
TGFB1I1,RAB22A
HIVEP2,NMNAT1
ATE1,MORF4L1
HIVEP2,PPCDC
MAN1A2,2510006D16RIK
FLAD1,ACSS1
MPHOSPH10,SALL3
NME6,FAM162A
SUMF1,GSTM6
ATF4,PPP1R15A
EDNRA,PALLD
BTG2,FIS1
SLC9A3R2,STX18
MAN1A2,IFITM3
SARS,CUTA
DGKA,EIF6
TGFB1I1,MOSPD1
LTBP1,AEBP2
HIVEP2,RB1CC1
MPHOSPH10,2810021J22RIK
HIVEP2,ANKRD10
MPHOSPH10,RCHY1
ISY1,EBAG9
FBXO9,CBR3
HIVEP2,TLN1
RCOR3,NT5C3
TGFB1I1,D3ERTD751E
TREX1,SLC44A1
TGFB1I1,ANXA3
MPHOSPH10,ZBTB7A
ACP1,TPST1
HIVEP2,ZG16
IKZF5,COQ10B
BTG2,SIDT2
GPR172B,PCNX
SLC2A1,SQSTM1
CALCRL,SAMHD1
HIVEP2,6330406I15RIK
2310061C15RIK,EPC1
HIVEP2,POGZ
IL4RA,HSPB11
HIVEP2,HIAT1
IKZF5,NDUFS4
HIVEP2,COQ5
FOXJ2,COQ3
HIVEP2,SP100
IKZF5,FAM198B
ZFP36L1,TIMP3
EDNRA,TIMP2
FXYD5,ZRANB2
TGFB1I1,ELOF1
TROVE2,4932438H23RIK
HDGFL1,LAMB1-1
HIVEP2,NHLRC2
MPHOSPH10,PAFAH1B1
HIVEP2,DGCR2
HIVEP2,DSC2
HIVEP2,MKNK2
NME6,COX8A
CDIPT,RNF19A
HIVEP2,MPEG1
LTBP1,DDX3Y
HDGFL1,VWA1
HIVEP2,NACC2
NPAS1,BAMBI
LTBP1,KCNN2
SLC2A1,6430548M08RIK
HIVEP2,IP6K2
EDNRA,PKIA
HIVEP2,ZADH2
TGFB1I1,FBXL6
SLC2A1,INADL
HIVEP2,RNF6
TGFB1I1,RNF5
CDIPT,SLC19A2
EDNRA,NIT1
TGFB1I1,STMN3
MAN1A2,NFKBIB
HIVEP2,TYSND1
ZBTB43,ASB15
1700034H14RIK,PABPN1
HIVEP2,NRXN1
NSG2,SPRR1B
HIVEP2,NGLY1
HIVEP2,ABCB1A
TGFB1I1,ORC4L
SLC2A1,NMD3
HIVEP2,UBE3A
HIVEP2,SLC35A4
IKZF5,SLC35A5
HIVEP2,SLC35A3
HIVEP2,UBXN4
MARK2,6720475J19RIK
IKZF5,MYD88
LTBP1,TOP2B
HIVEP2,1700016H13RIK
ITSN1,ISCA2
MPHOSPH10,PGM2
LTBP1,TRF
SLC44A1,ABCB10
POLR3K,1110057K04RIK
NME6,SART1
SEPT7,SBK1
HIVEP2,MRPL49
TROVE2,FGF1
TGFB1I1,SLC25A46
AZIN1,CDC26
HIVEP2,D230025D16RIK
SAMD8,SDC4
HIVEP2,RBPMS
MAP3K4,4921524J17RIK
HIVEP2,BAIAP2
HIVEP2,IPO5
MPHOSPH10,ACTR2
MAN1A2,CD82
FAM48A,SMCHD1
1110057K04RIK,CARS2
HIVEP2,TNPO3
ACP1,NAA20
TRIM35,CNKSR3
HIVEP2,NAGK
DICER1,SYVN1
CALCRL,CBARA1
TRIM30,MAPK7
MPHOSPH10,MAPK9
PGPEP1,DUSP3
HIVEP2,GABPB1
IL4RA,ICAM1
ZFP346,LRRC8C
TGFB1I1,QDPR
DHX30,TOMM70A
HIVEP2,TGS1
MPHOSPH10,1700021K19RIK
DHX30,METTL1
TGFB1I1,MTF2
CALCRL,GLB1
SAMD10,PITPNM1
EDNRA,TBC1D15
ZFP39,KCTD1
HIVEP2,SERPINA3M
HIVEP2,SERPINA3N
TGFB1I1,NUMA1
DHX30,SERPINA3C
MPHOSPH10,DHX30
HIVEP2,GPR56
HIVEP2,IDH3A
HIVEP2,IDH3B
MPHOSPH10,HAGH
HIVEP2,ZC3HC1
STEAP4,PLOD1
MET,PDZD11
TGFB1I1,NRAP
TGFB1I1,SFRS14
DHX30,PYCARD
RPS27L,DGKA
CALCRL,SFRS12
TSPAN8,ICK
CDIPT,TMEM106B
RAD17,CNP
NSG2,MPHOSPH8
IKZF5,PTGIS
ATP1A1,USP12
HIVEP2,USP16
HIVEP2,SSBP3
FOXJ2,MOV10L1
MPHOSPH10,BCL10
PLAA,RNF167
TGFB1I1,GATAD1
HIVEP2,HSPA14
NPAS1,RNF168
TGFB1I1,TBC1D10B
HIVEP2,UCP2
HIVEP2,NEDD4L
MAN1A2,ZBTB43
DHX30,BRAF
MET,PDPK1
DGKA,RIC8
SLC2A1,MEN1
TGFB1I1,JPH2
CDIPT,HIPK2
HIVEP2,HIPK1
HIVEP2,P4HA1
HIVEP2,DDX54
HIVEP2,ANP32A
EDNRA,UQCC
IKZF5,ZFP259
TROVE2,NCAN
HDGFL1,TAZ
MPHOSPH10,MRPL51
HIVEP2,NAPA
MPHOSPH10,VEZF1
MARK2,ARHGEF10
SLC2A1,ARHGEF12
LCN2,ARHGEF18
HIVEP2,CPD
MPHOSPH10,FXR1
HIVEP2,FKBP4
HDAC5,SKP1A
ZFP646,GTL3
HIVEP2,PTEN
EDNRA,ANGPTL4
HIVEP2,RHBDD2
TGFB1I1,FDX1
HDGFL1,KLC4
GMCL1,CTCF
LTBP1,ACTA2
TGFB1I1,MMP15
HIVEP2,FBXW11
MPHOSPH10,CDKN1C
CYTH2,UBE2D3
HIVEP2,UBE2D1
FAM48A,MLL1
MPHOSPH10,EDNRA
ARAP3,EDNRB
HIVEP2,FARSA
HIVEP2,OVCA2
DHX30,PPP1R15B
NSG2,BC011248
ATF4,GDF15
TGFB1I1,TSPYL4
MPHOSPH10,FOXJ2
MPHOSPH10,FOXJ3
ISY1,CCDC56
HIVEP2,CCDC59
SUMF1,TMEM129
HIVEP2,KCNQ1
TRIM35,VEGFA
ANP32E,GLO1
WDR33,SLC39A3
SLC2A1,BNIP1
TGFB1I1,BNIP3
ZFP39,LHX6
HIVEP2,D1BWG0212E
TGFB1I1,CABP1
CALCRL,FBXO30
ANP32E,FBXO31
HIVEP2,1700020C11RIK
FLAD1,ATXN7
HIVEP2,NAB1
HIVEP2,NAB2
HIVEP2,SAT1
HIVEP2,SNX14
HIVEP2,OTUD1
CALCRL,SPSB1
HIVEP2,APBB3
HIVEP2,HTRA3
SUMF1,SCLT1
NAPB,SDPR
SRR,2610034B18RIK
HIVEP2,NEDD1
SYNE1,4632428N05RIK
FAM48A,SMC4
CDIPT,SMC6
DNTTIP2,ALAS1
HIVEP2,S100A9
TNS1,S100A8
HIVEP2,S100A5
HIVEP2,S100A4
HIVEP2,LIMK1
TGFB1I1,WWC2
TGFB1I1,ROM1
CDIPT,ALG14
TGFB1I1,RIOK2
HEMK1,RIOK3
SLC2A1,1500011H22RIK
FOXJ2,NAA38
TGFB1I1,ABT1
GPR172B,FITM2
TGFB1I1,1110008P14RIK
TGFB1I1,RBM6
HIVEP2,RBM4
HIVEP2,SLBP
HIVEP2,B4GALNT1
DHX30,RASGRP2
MET,EGFR
HIVEP2,ALOX5AP
HIVEP2,AP1S2
HIVEP2,NOC4L
DHX30,WDR89
ZFP39,ACER2
HIVEP2,MEF2C
HIVEP2,PFN1
TECRL,ATP13A2
HIVEP2,ESYT1
HIVEP2,IMPDH2
ATF4,PELO
MPHOSPH10,KLF13
TGFB1I1,BMI1
BTG2,IL33
GPR172B,PLEKHO2
TGFB1I1,PLEKHO1
CYTH2,2610030H06RIK
HIVEP2,TMEM218
IWS1,EXOC4
HDGFL1,OGT
HIVEP2,ARMCX2
CDIPT,ANK3
ZFP646,MON2
PEX11C,BZW1
MPHOSPH10,FUT8
RASSF8,RAD17
IKZF5,TUSC2
LTBP1,ZFP644
MPHOSPH10,ZFP646
SLC2A1,SF1
LTBP1,TNRC6B
EDNRA,DAB2
SUMF1,SNHG11
MPHOSPH10,FBLN5
HIVEP2,ARHGEF6
CALCRL,COX6A1
TGFB1I1,SYNJ2BP
SLC2A1,ARHGEF3
MPHOSPH10,GMCL1
MPHOSPH10,1700001L19RIK
DNTTIP2,IFITM2
TGFB1I1,IFITM1
TGFB1I1,LIPE
BTG2,BRP44
HIVEP2,SCD2
TRIM35,RAMP1
MET,HAGHL
TRIM35,CENPA
HIVEP2,PEX11A
MET,LDB3
MPHOSPH10,PEX11C
HIVEP2,PEX11B
NSD1,PALM
IKZF5,TERF2IP
TGFB1I1,CENPV
LUC7L2,RNF19B
TSPAN8,KPTN
NME6,2310035K24RIK
HIVEP2,PDXDC1
HIVEP2,SCARB1
TGFB1I1,CSF1
MARK2,PLEKHA5
EDNRA,E130308A19RIK
DHX30,PLEKHA1
DGKA,PLEKHA2
PLEC,ACTB
ISY1,CTLA2A
LSM2,CTPS
HIVEP2,LITAF
TGFB1I1,RRAD
TRAPPC5,PROS1
HIVEP2,SEC62
SLC2A1,CNTN1
CALCRL,ZFP422
KIF1B,UNC93B1
HIVEP2,ZFP428
HIVEP2,ARHGEF10L
HIVEP2,NEK7
TGFB1I1,NEK4
ZFP646,CABIN1
TRIM35,RUVBL2
HIVEP2,LCE1H
ZFP39,CDC42BPA
HIVEP2,SF3A3
BTG2,COX6C
DHX30,TXNRD1
SUMF1,NUP62
CDIPT,CCDC9
CALCRL,HHATL
STEAP4,GLTPD1
HIVEP2,PLA2G15
NRAP,MGA
DCTN5,SEMA5B
AFAP1,TBP
BTG2,CSNK1E
WDR33,RPL7L1
CALCRL,NSD1
TGFB1I1,SCN5A
NAPB,IRGM2
TGFB1I1,IRGM1
BTG2,NUDCD2
LTBP1,TMEM135
HIVEP2,CCDC47
RASSF8,CCDC46
MPHOSPH10,TMEM138
HIVEP2,CCDC43
EDNRA,RNPEP
DHX30,GMNN
JMJD6,AS3MT
LTBP1,RPL41
NME6,GM16517
HIVEP2,FBXO28
MPHOSPH10,RANBP3
QDPR,FGD5
TGFB1I1,RALGDS
HIVEP2,AMBRA1
FLAD1,VTN
GPR172B,NUDT13
HIVEP2,TXN1
HIVEP2,SATB1
BCL2L1,MXD1
NME6,PIP5K1B
HIVEP2,SLC23A1
HDGFL1,KEAP1
HIVEP2,SLC23A2
BTG2,SRXN1
DICER1,CRHR2
DHX30,PHF14
HIVEP2,LAGE3
RCOR3,PHF17
NRAP,STAB1
HIVEP2,2810474O19RIK
CALCRL,CDADC1
MPHOSPH10,GPR137B
LTBP1,HBP1
HIVEP2,IQGAP1
BTG2,UBN1
HIVEP2,IMPACT
DGKA,RAVER1
NFYC,NAA40
HIVEP2,NOP56
MAN1A2,ETS1
TGFB1I1,RPE
HIVEP2,PANK1
HIVEP2,KRI1
TGFB1I1,ATAD3A
TGFB1I1,MAT2B
HIVEP2,CDC42EP3
TGFB1I1,CDC42EP1
NSG2,CARD10
SLC2A1,DUS1L
HIVEP2,CDC42EP5
HIVEP2,CASC4
MET,TUBA4A
TROVE2,PXMP3
HIVEP2,VAMP3
HIVEP2,SLC20A1
GMPPA,ATP1A1
STOML1,VPS18
ZFP39,ABI1
SEPT7,CSTF1
HIVEP2,ROCK1
HIVEP2,ROCK2
ZFP646,BOLA1
SLC2A1,MMP2
NAPB,PITPNC1
HIVEP2,GLCCI1
HIVEP2,NUDT14
HIVEP2,SLC6A9
HIVEP2,MUS81
NSG2,FCHO2
HIVEP2,CHN2
CDIPT,CHN1
HIVEP2,CAPRIN1
HIVEP2,PLDN
NME6,SOX17
ZFP39,KIF2A
HIVEP2,CAV3
HIVEP2,CAV1
HDGFL1,CREBZF
HDAC5,FAM50A
MED25,SERPINC1
RCOR3,TPD52
DHX30,CBFA2T3
PLSCR3,CBFA2T2
NME6,AQP7
QDPR,VRK3
HDGFL1,VRK2
HIVEP2,ANKRD49
CALCRL,WNK4
SUMF1,ZFP654
HIVEP2,NR2C2
BTG2,RFNG
MET,ZFP280D
HIVEP2,RNF185
ZC3H13,LIMA1
HIVEP2,ADCY9
KDM5A,TCF7L2
GPR172B,APOBEC3
HIVEP2,BMPR2
SLC9A3R2,GUCY1B3
TGFB1I1,RNF215
TRIM35,RBX1
ZFP646,ADORA1
IKZF5,MED20
EDNRA,ENAH
TGFB1I1,MED25
BTG2,SEPT9
IKZF5,CDYL2
MPHOSPH10,SEPT7
MTX1,TNFRSF12A
HIVEP2,FAM184A
TGFB1I1,SEPT2
TGFB1I1,SMURF2
TRIM35,JUN
HIVEP2,MEIS2
TGFB1I1,TRIAP1
CYB5R3,GDPD1
HIVEP2,SENP6
LTBP1,DYNLT1B
HIVEP2,GSPT1
ASB15,PLCB3
CDIPT,PLCB4
HIVEP2,EPHB4
HIVEP2,EPB4.1
HIVEP2,EPN2
ZFP39,DDO
HIVEP2,DDC
TGFB1I1,GIMAP1
BTG2,GPHN
NSG2,IL13RA1
MPHOSPH10,MRPS24
HIVEP2,MRPS25
EDNRA,MRPS22
HIVEP2,MRPS23
NSG2,PHF8
CYTH2,PPT1
MPHOSPH10,2700062C07RIK
HIVEP2,PHF1
TGFB1I1,MYOM2
ACP1,YY1
HIVEP2,RPP30
RNF19B,ZFP1
TROVE2,TBX2
TGFB1I1,FBXO8
HIVEP2,FBXO9
HIVEP2,SH3GL1
CALCRL,TMEM38B
TGFB1I1,JMJD6
HIVEP2,ZHX1
HIVEP2,8430406I07RIK
HIVEP2,GOLGA3
ZFP39,2610044O15RIK
NME6,KDR
TGFB1I1,RPS25
HIVEP2,CCDC30
DYRK1A,FOXD3
GPR172B,CCDC34
HIVEP2,APPL1
HIVEP2,APPL2
HIVEP2,DBR1
FLAD1,NFYC
EDNRA,ZDHHC7
HIVEP2,ATL3
TGFB1I1,NFYA
ZFP646,GATAD2B
HIVEP2,TRMT2A
D930014E17RIK,GPA33
DGKA,GPSM1
DHX30,NECAP1
SLC2A1,AIMP2
TSPAN8,CORO1A
HIVEP2,MDH1
MAN1A2,MID2
FLAD1,YES1
TGFB1I1,RNASE4
TROVE2,DCPS
HIVEP2,THUMPD3
2700078K21RIK,CHORDC1
HIVEP2,SLC22A5
HIVEP2,FAS
MAN1A2,FAP
TGFB1I1,NPAS1
MPHOSPH10,FAH
MPHOSPH10,SYNJ2
HIVEP2,YWHAZ
CDIPT,MYCT1
TRIM35,GTPBP4
ZFP646,GTPBP1
JMJD6,GTPBP3
HIVEP2,GTPBP2
MPHOSPH10,FLNB
HIVEP2,SFPI1
RNF19B,NOP58
EDNRA,MIDN
HIVEP2,UPP2
NSG2,BPNT1
HIVEP2,IL15RA
SLC2A1,PURB
BTG2,FAM18B
CALCRL,BCL6
ZFP39,OAF
NRAP,MAN2B2
RCOR3,KLHL24
CDIPT,PLK2
RCOR3,CLMN
HDGFL1,GLRX2
TGFB1I1,CCDC28B
TRIM35,NKX2-9
KPTN,LYRM5
HIVEP2,S100A11
MET,S100A10
BTG2,NKX2-5
CALCRL,MRC1
TPCN1,NOSIP
HIVEP2,D10ERTD610E
DHX30,GRK5
HDGFL1,FSTL3
TGFB1I1,5033414D02RIK
HIVEP2,PDE7A
IWS1,SEPT12
IKZF5,ENTPD5
HIVEP2,COG8
SUMF1,ENTPD1
MPHOSPH10,SYKB
MARK2,COG3
HIVEP2,MTM1
MTX1,OSTF1
ZFP646,IGHMBP2
BTG2,RAE1
TRIM35,CAB39L
HIVEP2,FAM76B
HIVEP2,GSK3B
HDGFL1,LACE1
MPHOSPH10,SNAPIN
EDNRA,ELP2
HDGFL1,ZFP276
HIVEP2,METAP2
KIF1B,RBPMS2
MARK2,ZFP13
HIVEP2,ROBO4
HIVEP2,H2AFZ
HIVEP2,TRIM54
TGFB1I1,VASN
TRIM35,KLHDC2
SUMF1,KLHDC3
HIVEP2,UBAP1
TROVE2,PLXNB1
GMCL1,CDV3
ANP32E,PPP1R8
DHX30,GRAMD3
HIVEP2,GUCY1A3
DHX30,AKT1S1
HIVEP2,GBA2
HDGFL1,MYST4
LTBP1,PROCR
MAN1A2,SIRT3
ATF4,ODF2
TGFB1I1,NR4A1
NSG2,SIRT7
ZFP39,2300009A05RIK
BTG2,KLHL30
CDIPT,G6PDX
MPHOSPH10,PAK1IP1
TGFB1I1,SERAC1
FLAD1,TRIM44
MARK2,KIF3B
EDNRA,KIF3A
PPPDE1,TBPL1
SUMF1,RNF2
CALCRL,1110018J18RIK
ASB15,RBM25
EDNRA,ESAM
HIVEP2,NCF1
TGFB1I1,RFWD3
STEAP4,ACE
CYTH2,FNBP4
TGFB1I1,USP38
NME6,EPHA4
HDGFL1,HNRNPH1
HEMK1,GNAI3
HIVEP2,AFAP1L2
HIVEP2,TBK1
IKZF5,ZFP687
HIVEP2,TBC1D1
IKZF5,MRPS33
CALCRL,IKBIP
TGFB1I1,TRMT5
EDNRA,TRAK2
TRIM35,CITED2
TRIM35,FGF16
HIVEP2,PSMG1
DGKA,SEL1L
NSG2,PHF21A
HIVEP2,TFPI
FOXJ2,PDSS2
HIVEP2,PDSS1
OVGP1,VCAM1
DGKA,SYNE1
WDR33,SYNE2
LOXL1,VAMP4
HIVEP2,SEMA3F
MARK2,GLUL
MPHOSPH10,STOML1
MPHOSPH10,MET
HIVEP2,RNF144B
GMCL1,EMP1
FAM160B1,RAPGEF5
CHID1,STEAP4
HIVEP2,CLPX
KIF1B,OTC
HIVEP2,RPS18
TGFB1I1,PCOLCE2
HIVEP2,RIPK1
NME6,LATS2
HIVEP2,LATS1
CDIPT,PDCL
BTG2,ZFP238
HIVEP2,DERA
HIVEP2,FAM149B
TGFB1I1,SLC9A3R2
CDIPT,BLZF1
B3GNT2,UBQLN1
TGFB1I1,GCLC
CDIPT,LSM10
NME6,OSMR
BTG2,UBE2G2
HIVEP2,KCTD20
HIVEP2,DAPK1
NSG2,DPY19L1
ZFP646,NR3C1
IKZF5,TFAM
HIVEP2,PIM1
DNTTIP2,ZFPL1
TGFB1I1,2610029I01RIK
ITSN1,RASA1
NSG2,SLC40A1
BTG2,C1QTNF2
UNC93B1,PRPF38B
HIVEP2,C1QTNF1
HIVEP2,TMEM39A
ISY1,PTPRG
NME6,PTPRD
HIVEP2,PTPRC
PLSCR3,PTPRB
PGM2,G3BP2
HIVEP2,FAM101B
HIVEP2,SFRS18
IKZF5,IFT27
CDC40,IFT20
DHX30,LASS5
TGFB1I1,PPAPDC3
HIVEP2,STK10
RCOR3,STK16
ZFP646,IFNAR2
HIVEP2,FKBP5
ZFP346,MFAP3
LOXL1,GRAMD1B
SAMD10,3110001D03RIK
HIVEP2,SGPL1
NAPB,TYROBP
NSG2,ZFP422-RS1
LTBP1,N6AMT2
TGFB1I1,PIK3R2
CDIPT,WDR6
ATP1A1,DYSF
DHX30,MUTED
3110057O12RIK,WIPI1
HIVEP2,SIVA1
MAN1A2,IWS1
DHX30,ABLIM1
ZFP39,SMARCD1
NME6,GATA2
CALCRL,SCARF2
TGFB1I1,SNAP25
BTG2,HNRPDL
ZFP39,SNAP23
MPHOSPH10,FKBPL
HIVEP2,GRB10
TGFB1I1,CCND2
HIVEP2,TCF15
MPHOSPH10,GPR172B
SRR,PRR14
LSM2,HSD17B12
SLC2A1,HMGN3
MPHOSPH10,RPS27L
1110004E09RIK,ACVR1B
FOXJ2,RPS27A
FLAD1,UROS
MAN1A2,CHL1
SAMD10,SOX18
HIVEP2,PANK3
HIVEP2,PANK2
TGFB1I1,PANK4
IGFBP6,CAV2
ORC4L,CCT4
HIVEP2,PAM
TRIM35,6330416G13RIK
TGFB1I1,1700109H08RIK
HDAC5,PDLIM5
EDNRA,PDLIM2
TSPAN8,B3GNT2
CYB5R3,ZFP27
EDNRA,INSIG2
DHX30,2700097O09RIK
IKZF5,CBY1
NRAP,TNK2
EDNRA,ZNRF1
KPTN,ERLIN2
MPHOSPH10,ZDHHC6
EDNRA,SBSN
HIVEP2,ZC3H6
DHX30,PRDM5
HIVEP2,WDR37
MPHOSPH10,WDR33
SAMD10,KRT10
HIVEP2,GPX8
CALCRL,TTC39A
HIVEP2,FLNC
NME6,EIF4A1
HIVEP2,KRT19
HIVEP2,KLHL25
HIVEP2,TMEM88
TGFB1I1,CYP2J6
EDNRA,GIGYF2
SLC2A1,TMEM82
LTBP1,2900092E17RIK
IKZF5,NUDT16L1
HIVEP2,PLP1
CALCRL,DCTN6
HIVEP2,CYHR1
HIVEP2,DCTN4
IWS1,DCTN5
HIVEP2,SERF1
HIVEP2,RBM12
CALCRL,TM9SF1
HIVEP2,RBM14
HIVEP2,LIN37
HIVEP2,RBM18
HIVEP2,TPRA1
FAM48A,2510012J08RIK
TRAPPC5,MBTPS1
EDNRA,RXRB
SAMD10,FAM96B
DYRK1A,MXRA7
HIVEP2,SIGMAR1
PGPEP1,RNF25
DHX30,MXRA8
EDNRA,UBE2V2
HIVEP2,RNF26
HIVEP2,MEPCE
DHX30,C1GALT1C1
TGFB1I1,RELL1
NSG2,KRTCAP2
CDIPT,ABCA3
MED25,PSMD9
HIVEP2,C2CD2L
DHX30,CDH29
TRIM35,G6PC
RPS27L,FLAD1
CALCRL,EI24
BTG2,CPSF7
ZFP39,RTP4
HIVEP2,SGMS1
HIVEP2,SEC22B
MARK2,MITF
EDNRA,CPSF2
HIVEP2,EPS15
HIVEP2,TMEM41A
HIVEP2,MYBPHL
HIVEP2,ARPC3
MPHOSPH10,ZFP346
HIVEP2,LMCD1
MPHOSPH10,CLCN3
TGFB1I1,CNOT8
HIVEP2,CML1
HIVEP2,APCS
HIVEP2,HSD17B7
HDGFL1,FLT3L
TGFB1I1,NOS3
DGKA,CYR61
LUC7L2,ARIH1
HIVEP2,RTN4
EDNRA,KPNB1
MED25,RTN2
HIVEP2,RTN3
RAPGEF5,CREB1
HIVEP2,ACTR6
HIVEP2,MCFD2
SUMF1,LCP1
ZFP39,ZFP207
HIVEP2,BACE1
DHX30,LRWD1
STEAP4,2700078E11RIK
HIVEP2,IER5
HIVEP2,IER2
SLC2A1,IER3
SLC9A3R2,KIF13A
HIVEP2,KIF13B
EDNRA,MBD6
ZFP39,RPP14
TRIM35,MBD3
CALCRL,CMTM7
DHX30,PSKH1
TGFB1I1,ORAOV1
TGFB1I1,ZFPM2
HIVEP2,GNPDA1
HIVEP2,HPS4
HIVEP2,IGTP
RCOR3,SLC25A19
MPHOSPH10,NFE2L2
HIVEP2,FAM173B
HIVEP2,SLC12A7
HIVEP2,NEO1
HIVEP2,NDUFA11
HIVEP2,LBH
TGFB1I1,MRVI1
HIVEP2,EXT2
EDNRA,TMUB2
DGKA,UTP14A
HIVEP2,CNOT2
MPHOSPH10,SYNCRIP
HIVEP2,ZC3H11A
MPHOSPH10,EFR3A
MARK2,C1QC
BTG2,FAM164A
SLC2A1,FAM36A
SEPT2,ALDH5A1
DHX30,LEPROTL1
RALA,YIPF5
HIVEP2,PTPN11
TRIM35,TCTA
AZIN1,SNX2
MPHOSPH10,CYB5R4
TSPAN8,CYB5R3
ZFP39,FUS
HDAC5,SNX5
MPHOSPH10,ALG2
HIVEP2,ALG3
CDC40,ITGB2
HIVEP2,SLC29A3
SEPT7,SMARCE1
NAPB,SLC29A1
NME6,LRRCC1
HIVEP2,STAM
MPHOSPH10,BTF3L4
SLC2A1,GLE1
HIVEP2,CCDC127
HIVEP2,JKAMP
HIVEP2,YPEL1
TGFB1I1,LTBP1
ISY1,TTC14
BTG2,FTSJ2
BTG2,DERL1
NME6,RAB11B
HIVEP2,PLXDC2
SLC2A1,ZFP295
HIVEP2,DLAT
HIVEP2,UHRF1BP1L
MPHOSPH10,EIF4E
TGFB1I1,AU040320
HIVEP2,HAT1
HIVEP2,CD97
TGFB1I1,IRF9
LTBP1,CD93
TGFB1I1,DTYMK
FLAD1,CLK2
POLE3,CLK4
TGFB1I1,HNRNPR
CALCRL,EFNB1
TGFB1I1,HDAC5
EDNRA,CLOCK
ST3GAL2,RFC4
CALCRL,ZFHX3
MAN1A2,FABP4
LSM2,FABP5
HIVEP2,SH3BP2
TGFB1I1,PGAM1
HIVEP2,CBX3
RPRD1A,2410017P07RIK
CYB5R3,ATXN7L1
HIVEP2,TTC30A1
SUMF1,PNRC2
EDNRA,FILIP1
CDIPT,DNAJC28
TGFB1I1,WDR26
TGFB1I1,MED21
MET,ZFML
DHX30,PEX3
TGFB1I1,RAB13
TGFB1I1,RAB14
HIVEP2,ASL
DHX30,LYSMD3
MPHOSPH10,LYSMD2
HIVEP2,ATP6V0E
MPHOSPH10,CDC42SE1
TGFB1I1,GKN2
HIVEP2,GMPPA
FOXJ2,ZFP593
HIVEP2,GNL1
FOXJ2,LAMP2
HIVEP2,ZFP758
LTBP1,UNG
HIVEP2,IL4I1
TROVE2,NCK1
HIVEP2,SNRNP70
DICER1,KIF1B
PIGY,2610301B20RIK
TGFB1I1,SHOC2
TRIM35,HBA-A1
HIVEP2,SMEK2
TGFB1I1,ZFP39
MARK2,NRF1
CDIPT,IFNGR2
HIVEP2,USP1
BTG2,USP3
DGKA,RPRD1A
DICER1,SOX9
HIVEP2,ARHGAP5
HIVEP2,SC4MOL
TGFB1I1,RAB8A
HIVEP2,RNF34
MPHOSPH10,RNF32
MPHOSPH10,SOX4
DGKA,LOXL1
SLC2A1,CEBPA
DGKA,ARAP3
HIVEP2,UNC119
CALCRL,NM_053120
HDGFL1,SUZ12
TGFB1I1,BICC1
SUMF1,MED19
CDIPT,ABCB9
MPHOSPH10,HEMK1
BTG2,INTS3
HIVEP2,INTS6
IKZF5,INTS9
LTBP1,MFSD5
TGFB1I1,LSM1
DGKA,LSM2
SLC2A1,LSM3
MPHOSPH10,MTSS1
TGFB1I1,CIDEB
HIVEP2,CIDEA
HIVEP2,BAI1
SUMF1,ABCF1
EDNRA,NOTCH4
TGFB1I1,AZIN1
QDPR,ZFP579
LIMA1,GOLGB1
POLE3,NCDN
BTG2,USP47
HIVEP2,CRLF2
HIVEP2,NISCH
OVGP1,PRPF4B
HIVEP2,PPARGC1A
TRIM35,MYL7
TGFB1I1,MYL1
PEX11C,SLC30A5
MARK2,SLC30A6
HIVEP2,DLL1
HIVEP2,MPP1
EDNRA,1110003E01RIK
DHX30,MPP6
HIVEP2,MPP5
NSG2,TGDS
ZFP646,FAM110B
NME6,MAGI3
HIVEP2,MAGI1
ZFP346,TAGLN3
IKZF5,KLHDC10
HIVEP2,DMTF1
IKZF5,DEB1
HIVEP2,GUSB
HDGFL1,SPEF1
DHX30,NARS2
NSG2,SLC25A23
HIVEP2,SLC25A27
DGKA,ZFP101
HIVEP2,SLC25A25
CALCRL,MDM2
HIVEP2,SLC25A29
RPS27L,MAN1A2
HIVEP2,NARF
HIVEP2,CNN3
MARK2,SLTM
HIVEP2,MYLK
HIVEP2,CHAC2
TGFB1I1,ARAF
DHX30,IFT46
HIVEP2,KDELC1
POLE3,FAM98A
SLC2A1,FRS2
EDNRA,1700029I01RIK
HIVEP2,CRK
LTBP1,B9D2
ACP1,SDHAF2
TGFB1I1,SUMF1
BTG2,RTN4IP1
TRAPPC5,B4GALT1
HDGFL1,B4GALT3
MPHOSPH10,PGK2
NSG2,B4GALT4
POLD1,ZFP292
TSPAN8,TUBB6
STOML1,EIF3J
MAN1A2,MAN2A1
HIVEP2,HERC1
HIVEP2,2810432D09RIK
MET,HEMGN
TROVE2,CCDC136
BTG2,RARG
CYB5R3,CCDC132
HIVEP2,TNFRSF1A
TIAL1,POLE3
ZFP39,GLB1L
TEX264,PHF5A
TGFB1I1,TFDP2
BTG2,TFDP1
HIVEP2,SYN1
TGFB1I1,OXA1L
NAPB,TINAGL1
SALL3,1700065I17RIK
LTBP1,SERPING1
CBLL1,RHOT1
CDIPT,PTPN2
HIVEP2,PSTPIP2
LCN2,POFUT2
HIVEP2,CD9
DYRK1A,HRAS1
NME6,EHMT1
TNS1,DRAM2
HIVEP2,STAT3
HIVEP2,CD55
EDNRA,SNX19
KIF1B,2700078K21RIK
EDNRA,HBEGF
TNS1,ICAM2
RPS27L,MARK2
HIVEP2,BCL7A
HIVEP2,1700123O20RIK
RAPGEF5,LY6E
HIVEP2,ZBED3
HIVEP2,CRYAB
HIVEP2,RABIF
CDIPT,SGK3
HIVEP2,GALNT10
HIVEP2,CDS2
BTG2,ARPC5L
NME6,ASNS
LOXL1,SLC3A2
HIVEP2,PDE4A
IKZF5,GABPA
LTBP1,PSCA
PDPK1,PEG3
MAP3K4,CLCC1
TROVE2,LMF1
DHX30,MAP4K4
HIVEP2,TNNT1
HIVEP2,CYCS
EDNRA,MAP2K3
TGFB1I1,BMPR1A
HIVEP2,MAP2K7
HIVEP2,AACS
HIVEP2,BCL9L
CDIPT,TSNAX
HIVEP2,PTPN23
MED25,PTPN21
MAN1A2,PLEKHF1
HIVEP2,MT1
DHX30,BC028528
MPHOSPH10,ZFP46
FLAD1,ATP5G1
NSG2,MAD2L1BP
HDAC5,DGKZ
DHX30,CYP4V3
ZFP646,PSMC3IP
FLAD1,RHOBTB2
HIVEP2,TIA1
KDM5A,PLOD2
SLC2A1,2410015M20RIK
BTG2,B230120H23RIK
EDNRA,ABCC5
TGFB1I1,E130309D02RIK
FAM48A,PPP2R5C
ACRV1,1810008A18RIK
CDIPT,CKAP5
MAN1A2,BCL2L1
CALCRL,FAM160A2
HIVEP2,ERBB2IP
MAN1A2,TMOD3
HIVEP2,TMOD2
MARK2,TEX264
NME6,RASIP1
MAP3K4,ZFP369
IKZF5,RPS10
HIVEP2,TROVE2
HIVEP2,SPINT2
CALCRL,NES
FLAD1,ITSN1
BTG2,IFI204
SUMF1,ITSN2
HIVEP2,IFI203
SLC2A1,GOLGA1
HIVEP2,KHK
NSG2,GOLGA7
TECRL,PTBP2
HIVEP2,PTBP1
HIVEP2,SLCO3A1
TGFB1I1,EPB4.1L2
TGFB1I1,RSPRY1
DGKA,5730437N04RIK
HIVEP2,TSPAN8
0610010K14RIK,TDP1
BTG2,2410002O22RIK
MAN1A2,KCTD13
MET,CRCP
DGKA,EPT1
ZFP646,GFRA4
TGFB1I1,DKKL1
TGFB1I1,PLCE1
MPHOSPH10,KDM5A
NSG2,CINP
SLC2A1,KDM5C
ASB15,GGTA1
ZFP646,RASD1
ACRV1,SLC25A37
HIVEP2,SLC25A36
TGFB1I1,SLC25A33
ISY1,KCNA7
MET,EED
HDGFL1,TUBA1A
HIVEP2,CPA5
LTBP1,SLMAP
HIVEP2,PIK3R4
GTF2F1,TMEM186
HDGFL1,PIK3R1
TGFB1I1,SAMD8
HIVEP2,FAM102A
HIVEP2,LNX2
HIVEP2,STAG2
CYTH2,ST6GALNAC6
FABP5,6430527G18RIK
LTBP1,DNMT3L
ZFP39,ETV3
ZFP646,ETV5
NSG2,AP1G1
BTG2,HMOX1
HIVEP2,HMOX2
NME6,BTBD9
HIVEP2,POMT1
TGFB1I1,SNRPN
TGFB1I1,CFL2
MPHOSPH10,RAB3A
TGFB1I1,EHD1
SLC2A1,PDXK
CDIPT,GON4L
MPHOSPH10,IKZF5
HIVEP2,CCL6
ZFP39,TMEM86A
HIVEP2,RAG1AP1
HIVEP2,SSBP2
MARK2,CYB5R1
ZFP646,GRAP
TGFB1I1,BAIAP2L1
MAN1A2,ZFP775
DGKA,POLD1
HIVEP2,FHL1
NAPB,HNRNPL
HDGFL1,SACM1L
BTG2,PDCD4
CDIPT,HNRNPF
HIVEP2,CECR5
GPR172B,RCC1
NME6,NUB1
TGFB1I1,ARL6IP6
HIVEP2,PRKCE
FABP5,ARL6IP1
TSPAN8,FAM160B1
HIVEP2,MLST8
CALCRL,MAPK8IP1
FLAD1,DICER1
NSG2,RGS10
DGKA,ID2
HIVEP2,PGPEP1
HIVEP2,ID1
HIVEP2,TM7SF3
ZFP39,9430023L20RIK
EDNRA,TADA1
RAB31,WIZ
SUMF1,CD52
HIVEP2,UTP6
NRAP,TXNDC16
FLAD1,SPZ1
1110057K04RIK,FBXO44
CALCRL,HAX1
SUMF1,MINA
TGFB1I1,SLC33A1
ASB15,PLAA
FXYD5,GALNTL1
SLC2A1,SEC31A
IKZF5,XBP1
SLC2A1,ANKRD7
HIVEP2,UPK3B
MPHOSPH10,ANKRD1
TGFB1I1,RAB31
TGFB1I1,PRPS1
WDR33,CDR2
HIVEP2,TATDN3
ZFP39,FUK
SUMF1,AHDC1
BTG2,DOK4
TGFB1I1,GMPR2
HIVEP2,MPPE1
B3GNT2,ARL4A
HIVEP2,MTA1
TRIM35,PDGFA
HIVEP2,PDGFD
MPHOSPH10,GTF2E2
HIVEP2,PTRF
SLC2A1,RAB3D
EDNRA,2810004N23RIK
MPHOSPH10,CFL1
TROVE2,ZFP772
CDIPT,BICD2
HIVEP2,ARMC1
FLAD1,NFIC
HIVEP2,NFIB
MPHOSPH10,NFIA
HIVEP2,SELK
SUMF1,PDCD6IP
HIVEP2,METTL11A
LTBP1,ACTL6A
BTG2,SPATA3
EDNRA,SPATA2
TGFB1I1,TCP11L2
HIVEP2,SPATA5
