SNP-ID,Place-Holder,Place-Holder,Place-Holder,Chromosome,Place-Holder,Place-Holder,Place-Holder,Closest-Gene,Distance-To-Gene,Distance-To-Exon
rs11240767,,,,1,,,,FAM87B,-23800,distExon
rs3131972,,,,1,,,,FAM87B,-30,distExon
rs3131969,,,,1,,,,FAM87B,0,distExon
rs12562034,,,,1,,,,XR_017693.1,5877,distExon
rs12124819,,,,1,,,,XR_017693.1,13975,distExon
rs11240767,,,,1,,,,FAM87B,-23800,distExon
rs3131972,,,,1,,,,FAM87B,-30,distExon
rs3131969,,,,1,,,,FAM87B,0,distExon
rs12562034,,,,1,,,,XR_017693.1,5877,distExon
rs12124819,,,,1,,,,XR_017693.1,13975,distExon
rs4040617,,,,1,,,,Q96BN7_HUMAN,-12069,distExon
rs2905036,,,,1,,,,Q96BN7_HUMAN,0,distExon
rs4245756,,,,1,,,,Q96BN7_HUMAN,5712,distExon
rs4970383,,,,1,,,,Q8N8E4_HUMAN,-17318,distExon
